candidate_id,rank,score,reasoning
CAND_0072688,1,1.0,"Data Scientist with 6.9 years of experience at Niramai, specializing in vector search and RAG (Milvus); strong semantic alignment to the JD (esp. experience trajectory); features very high recruiter responsiveness; high recruiter demand, reliable follow-through. Minor data-quality flag (synthetic)."
CAND_0050454,2,0.9992079082098829,"AI Engineer with 6.8 years of experience at Rephrase.ai, specializing in vector search and RAG (FAISS); strong semantic alignment to the JD (esp. experience trajectory); features good recruiter responsiveness; high recruiter demand. Minor data-quality flag (synthetic)."
CAND_0073007,3,0.9986524549127356,"AI Specialist with 5.8 years of experience at Aganitha, specializing in vector search and RAG (Milvus, FAISS); strong semantic alignment to the JD (esp. experience trajectory); features active GitHub presence and very high recruiter responsiveness; high recruiter demand, reliable follow-through."
CAND_0033445,4,0.9947838770688302,"ML Engineer with 6.8 years of experience at Vedantu, specializing in vector search and RAG (pgvector); strong semantic alignment to the JD (esp. experience trajectory); features very high recruiter responsiveness; high recruiter demand, reliable follow-through. Minor data-quality flag (synthetic)."
CAND_0065878,5,0.9921250262557821,"Senior Data Scientist with 7.8 years of experience at Niramai, specializing in vector search and RAG (RAG, pgvector). Shown solid seniority growth in past roles; strong semantic alignment to the JD (esp. experience trajectory); high recruiter demand, reliable follow-through. Minor data-quality flag."
CAND_0001707,6,0.991877056796177,"Data Scientist with 5.6 years of experience at Vedantu, specializing in vector search and RAG (FAISS); strong semantic alignment to the JD (esp. experience trajectory); high recruiter demand, reliable follow-through. Minor data-quality flag (synthetic)."
CAND_0087783,7,0.9902881712815731,"Senior Software Engineer (ML) with 6.7 years of experience at Meesho, specializing in applied ML (MLOps); experienced in backend infrastructure (Airflow). Shown solid seniority growth in past roles; strong semantic alignment to the JD (esp. experience trajectory); features strong GitHub activity."
CAND_0010149,8,0.9892280531228856,"ML Engineer with 6.9 years of experience at Glance, specializing in vector search and RAG (Milvus, Vector Search). Shown solid seniority growth in past roles; strong semantic alignment to the JD (esp. experience trajectory); features very high recruiter responsiveness; high recruiter demand."
CAND_0002793,9,0.9878890579839392,"AI Specialist with 5.5 years of experience at Meesho, specializing in vector search and RAG (pgvector, FAISS); strong semantic alignment to the JD (esp. experience trajectory); features strong GitHub activity and good recruiter responsiveness; high recruiter demand, strong open-source footprint."
CAND_0062247,10,0.9873190087884687,"AI Engineer with 7.3 years of experience at Google, specializing in vector search and RAG (Pinecone, Vector Search); strong semantic alignment to the JD (esp. experience trajectory); features active GitHub presence and good recruiter responsiveness; high recruiter demand, strong open-source."
CAND_0010408,11,0.9783487496137301,"Junior ML Engineer with 5.7 years of experience at Meesho, specializing in vector search and RAG (Milvus); strong semantic alignment to the JD (esp. experience trajectory); features strong GitHub activity; high recruiter demand, strong open-source footprint."
CAND_0046621,12,0.9726625586406012,"AI Research Engineer with 6.6 years of experience at upGrad, specializing in vector search and RAG (Pinecone, pgvector); strong semantic alignment to the JD (esp. experience trajectory); high recruiter demand."
CAND_0024878,13,0.9700246900598899,"AI Specialist with 5.7 years of experience at HCL, specializing in vector search and RAG (pgvector); strong semantic alignment to the JD (esp. experience trajectory); features very high recruiter responsiveness; high recruiter demand, reliable follow-through."
CAND_0072547,14,0.9672882432893747,"Senior Software Engineer (ML) with 5.1 years of experience at Vedantu, specializing in vector search and RAG (pgvector). Shown solid seniority growth in past roles; strong semantic alignment to the JD (esp. experience trajectory); features active GitHub presence and very high recruiter."
CAND_0076251,15,0.9642802400078182,Search Engineer with 7.6 years of experience at Haptik; experienced in backend infrastructure (Kafka). Shown solid seniority growth in past roles; strong semantic alignment to the JD (esp. experience trajectory); features good recruiter responsiveness; high recruiter demand. Minor data-quality flag.
CAND_0018653,16,0.9632601824410365,"ML Engineer with 6.5 years of experience at Vedantu, specializing in vector search and RAG (RAG, Vector Search); strong semantic alignment to the JD (esp. experience trajectory); features good recruiter responsiveness; high recruiter demand. Note: candidate has not actively seeking new roles. Minor."
CAND_0011759,17,0.9607982566043153,"Senior Software Engineer with 6.7 years of experience at Paytm, specializing in vector search and RAG (Pinecone). Shown solid seniority growth in past roles; strong semantic alignment to the JD (esp. experience trajectory); features strong GitHub activity and good recruiter responsiveness; high."
CAND_0093883,18,0.9527493454037159,"AI Research Engineer with 5.0 years of experience at Wysa, specializing in vector search and RAG (Milvus). Shown solid seniority growth in past roles; strong semantic alignment to the JD (esp. experience trajectory); features good recruiter responsiveness; high recruiter demand. Minor data-quality."
CAND_0098952,19,0.9439096184760907,"AI Research Engineer with 5.5 years of experience at CRED, specializing in applied ML (NLP, Python); experienced in backend infrastructure (Airflow). Shown solid seniority growth in past roles; strong semantic alignment to the JD (esp. experience trajectory); features active GitHub presence and."
CAND_0032089,20,0.9414669736410266,"ML Engineer with 6.6 years of experience at Saarthi.ai, specializing in vector search and RAG (Pinecone, Milvus); strong semantic alignment to the JD (esp. experience trajectory); features good recruiter responsiveness; high recruiter demand, reliable follow-through."
CAND_0001131,21,0.9347138456959048,"ML Engineer with 5.8 years of experience at Wysa, specializing in vector search and RAG (Vector Search, RAG); strong semantic alignment to the JD (esp. experience trajectory); features active GitHub presence and good recruiter responsiveness; high recruiter demand."
CAND_0069771,22,0.927031981612792,"Junior ML Engineer with 5.7 years of experience at Sarvam AI, specializing in vector search and RAG (FAISS, Vector Search); strong semantic alignment to the JD (esp. experience trajectory); high recruiter demand. Minor data-quality flag (synthetic)."
CAND_0091580,23,0.9232992020390909,"Data Scientist with 5.5 years of experience at Niramai, specializing in vector search and RAG (FAISS); strong semantic alignment to the JD (esp. experience trajectory); features strong GitHub activity; high recruiter demand, strong open-source footprint."
CAND_0072218,24,0.9200971562995042,"Senior Software Engineer (ML) with 6.8 years of experience at HCL, specializing in vector search and RAG (FAISS). Shown solid seniority growth in past roles; strong semantic alignment to the JD (esp. experience trajectory); high recruiter demand. Minor data-quality flag (synthetic)."
CAND_0021406,25,0.9018313331586562,"Software Engineer with 7.3 years of experience at Wayne Enterprises, specializing in vector search and RAG (FAISS); experienced in backend infrastructure (Airflow). Shown solid seniority growth in past roles; moderate semantic fit to the JD; features good recruiter responsiveness; high recruiter."
CAND_0018094,26,0.9005214414834705,"ML Engineer with 5.2 years of experience at Mad Street Den, specializing in vector search and RAG (Pinecone); experienced in backend infrastructure (Kafka); strong semantic alignment to the JD (esp. experience trajectory); features good recruiter responsiveness; high recruiter demand, reliable."
CAND_0061244,27,0.894996315643631,"Computer Vision Engineer with 6.2 years of experience at CRED; experienced in backend infrastructure (Kafka, PostgreSQL); strong semantic alignment to the JD (esp. experience trajectory); features strong GitHub activity; high recruiter demand, strong open-source footprint."
CAND_0004555,28,0.8854862034051868,"Senior Software Engineer (ML) with 5.0 years of experience at Dream11, specializing in applied ML (TensorFlow, PyTorch). Shown solid seniority growth in past roles; strong semantic alignment to the JD (esp. experience trajectory); features good recruiter responsiveness; high recruiter demand. Minor."
CAND_0027789,29,0.8808387363442285,"Data Analyst with 6.4 years of experience at Nykaa, specializing in vector search and RAG (pgvector); strong semantic alignment to the JD (esp. experience trajectory); features good recruiter responsiveness; high recruiter demand, reliable follow-through. Note: candidate has not actively seeking."
CAND_0085851,30,0.8458846761578689,"ML Engineer with 7.0 years of experience at Genpact AI, specializing in applied ML (BentoML, MLflow); strong semantic alignment to the JD (esp. experience trajectory); high recruiter demand. Minor data-quality flag (synthetic)."
CAND_0054173,31,0.8337167029967141,"Computer Vision Engineer with 5.1 years of experience at Verloop.io, specializing in vector search and RAG (RAG, Vector Search); strong semantic alignment to the JD (esp. experience trajectory); high recruiter demand. Minor data-quality flag (synthetic)."
CAND_0052827,32,0.5862403518178952,"Data Scientist with 5.9 years of experience at Genpact AI, specializing in vector search and RAG (RAG, FAISS). Shown solid seniority growth in past roles; strong semantic alignment to the JD (esp. experience trajectory); features active GitHub presence and good recruiter responsiveness; high."
CAND_0044890,33,0.5809757485482793,"AI Research Engineer with 5.0 years of experience at Haptik, specializing in vector search and RAG (FAISS); strong semantic alignment to the JD (esp. experience trajectory); features active GitHub presence and good recruiter responsiveness; high recruiter demand."
CAND_0014063,34,0.5171902631805766,"AI Specialist with 5.4 years of experience at Sarvam AI, specializing in vector search and RAG (FAISS); strong semantic alignment to the JD (esp. experience trajectory); features strong GitHub activity and good recruiter responsiveness; high recruiter demand, strong open-source footprint."
CAND_0099401,35,0.5061075199721993,"NLP Engineer with 7.7 years of experience at Dream11, specializing in applied ML (Python); strong semantic alignment to the JD (esp. experience trajectory); high recruiter demand. Note: candidate has not actively seeking new roles."
CAND_0073804,36,0.49732437425706777,"Analytics Engineer with 7.2 years of experience at Hooli, specializing in vector search and RAG (Vector Search); strong semantic alignment to the JD (esp. experience trajectory); features good recruiter responsiveness; high recruiter demand."
CAND_0015760,37,0.4824975100194205,"AI Research Engineer with 4.4 years of experience at InMobi, specializing in applied ML (Python, MLOps); experienced in backend infrastructure (Kafka); strong semantic alignment to the JD (esp. experience trajectory); features good recruiter responsiveness; high recruiter demand, reliable."
CAND_0067183,38,0.4794838446952832,"ML Engineer with 6.1 years of experience at Sarvam AI, specializing in vector search and RAG (RAG). Shown solid seniority growth in past roles; strong semantic alignment to the JD (esp. experience trajectory); high recruiter demand, reliable follow-through."
CAND_0011140,39,0.47265618838749235,"ML Engineer with 5.1 years of experience at Haptik, specializing in vector search and RAG (RAG). Shown solid seniority growth in past roles; strong semantic alignment to the JD (esp. experience trajectory); features good recruiter responsiveness; high recruiter demand. Note: candidate has a long."
CAND_0099581,40,0.46980072280797597,"AI Specialist with 6.4 years of experience at upGrad, specializing in vector search and RAG (Pinecone). Shown solid seniority growth in past roles; strong semantic alignment to the JD (esp. experience trajectory); high recruiter demand. Note: candidate has a long 120-day notice period. Minor."
CAND_0003290,41,0.4659046550446147,"Computer Vision Engineer with 5.9 years of experience at Verloop.io, specializing in vector search and RAG (Pinecone); strong semantic alignment to the JD (esp. experience trajectory); features good recruiter responsiveness; high recruiter demand. Note: candidate has a long 120-day notice period.."
CAND_0046020,42,0.4615490249601212,"ML Engineer with 3.9 years of experience at Unacademy, specializing in vector search and RAG (pgvector, Vector Search); strong semantic alignment to the JD (esp. experience trajectory); features active GitHub presence and very high recruiter responsiveness; high recruiter demand, strong open-source."
CAND_0078790,43,0.46095057085512514,"Data Scientist with 4.5 years of experience at Vedantu, specializing in vector search and RAG (pgvector, FAISS); strong semantic alignment to the JD (esp. experience trajectory); features strong GitHub activity and very high recruiter responsiveness; high recruiter demand, strong open-source."
CAND_0040521,44,0.4584161590124534,"Software Engineer with 7.9 years of experience at Meesho, specializing in vector search and RAG (pgvector); experienced in backend infrastructure (Airflow); strong semantic alignment to the JD (esp. experience trajectory); high recruiter demand."
CAND_0081444,45,0.4569074105915585,"Software Engineer with 7.8 years of experience at Initech, specializing in vector search and RAG (Vector Search); experienced in backend infrastructure (Airflow); strong semantic alignment to the JD (esp. experience trajectory); features good recruiter responsiveness; high recruiter demand."
CAND_0028318,46,0.4471432357030916,"Data Scientist with 6.4 years of experience at Krutrim, specializing in vector search and RAG (Pinecone, Vector Search); strong semantic alignment to the JD (esp. experience trajectory); features active GitHub presence; high recruiter demand. Note: candidate has a long 120-day notice period. Minor."
CAND_0030061,47,0.4409923279606325,"Data Analyst with 5.3 years of experience at Ola, specializing in applied ML (Python); strong semantic alignment to the JD (esp. experience trajectory); features active GitHub presence and good recruiter responsiveness; reliable follow-through."
CAND_0030643,48,0.435582836309351,"Computer Vision Engineer with 4.7 years of experience at Paytm, specializing in applied ML (MLflow). Shown solid seniority growth in past roles; strong semantic alignment to the JD (esp. experience trajectory); high recruiter demand. Note: candidate has a long 120-day notice period and is not."
CAND_0005498,49,0.4332087390000296,"Backend Engineer with 5.5 years of experience at Nykaa, specializing in applied ML (BentoML); strong semantic alignment to the JD (esp. experience trajectory); high recruiter demand, reliable follow-through. Note: candidate has not actively seeking new roles."
CAND_0056607,50,0.4325429966279042,"Senior Data Engineer with 6.1 years of experience at Hooli, specializing in vector search and RAG (Milvus). Shown solid seniority growth in past roles; strong semantic alignment to the JD (esp. experience trajectory); high recruiter demand. Note: candidate has not actively seeking new roles."
CAND_0087713,51,0.4324271341545457,"Data Analyst with 6.4 years of experience at Vedantu, specializing in vector search and RAG (Milvus); experienced in backend infrastructure (Airflow). Shown solid seniority growth in past roles; strong semantic alignment to the JD (esp. experience trajectory); features good recruiter."
CAND_0060303,52,0.4258427555556317,"AI Research Engineer with 4.9 years of experience at upGrad, specializing in vector search and RAG (RAG, FAISS); strong semantic alignment to the JD (esp. experience trajectory); features active GitHub presence and good recruiter responsiveness; high recruiter demand. Note: candidate has not."
CAND_0032914,53,0.42383314077297535,"Senior Data Engineer with 7.6 years of experience at Razorpay, specializing in applied ML (NLP, MLflow); experienced in backend infrastructure (Spark). Shown solid seniority growth in past roles; strong semantic alignment to the JD (esp. experience trajectory); high recruiter demand. Note:."
CAND_0040972,54,0.4211692670769414,"Data Analyst with 6.2 years of experience at PhonePe, specializing in applied ML (MLOps, NLP); experienced in backend infrastructure (SQL); strong semantic alignment to the JD (esp. experience trajectory); high recruiter demand. Note: candidate has not actively seeking new roles."
CAND_0054131,55,0.4195691191315887,"Senior Data Engineer with 4.3 years of experience at Paytm, specializing in vector search and RAG (RAG). Shown solid seniority growth in past roles; strong semantic alignment to the JD (esp. experience trajectory); features active GitHub presence; high recruiter demand, reliable follow-through.."
CAND_0001314,56,0.4187158063738381,"Senior Data Engineer with 6.9 years of experience at Accenture, specializing in applied ML (MLOps). Shown solid seniority growth in past roles; strong semantic alignment to the JD (esp. experience trajectory); features active GitHub presence; high recruiter demand. Minor data-quality flag."
CAND_0076663,57,0.4156948503638849,"Data Engineer with 4.9 years of experience at Mindtree, specializing in applied ML (PyTorch); strong semantic alignment to the JD (esp. experience trajectory); features good recruiter responsiveness; high recruiter demand. Note: candidate has a long 120-day notice period and is not actively seeking."
CAND_0090010,58,0.4106005741114127,"Analytics Engineer with 6.8 years of experience at Globex Inc, specializing in vector search and RAG (FAISS); experienced in backend infrastructure (Spark); strong semantic alignment to the JD (esp. experience trajectory); high recruiter demand. Note: candidate has not actively seeking new roles.."
CAND_0048388,59,0.41030647688681776,"Data Analyst with 7.2 years of experience at Ola, specializing in vector search and RAG (RAG). Shown solid seniority growth in past roles; moderate semantic fit to the JD; features active GitHub presence and good recruiter responsiveness; high recruiter demand, reliable follow-through. Note:."
CAND_0035028,60,0.40864219565980886,"Software Engineer with 6.3 years of experience at Wayne Enterprises, specializing in applied ML (PyTorch, MLflow). Shown solid seniority growth in past roles; strong semantic alignment to the JD (esp. experience trajectory); features good recruiter responsiveness. Note: candidate has not actively."
CAND_0054791,61,0.40726722452956843,"Senior Software Engineer with 5.8 years of experience at Acme Corp, specializing in vector search and RAG (Vector Search). Shown solid seniority growth in past roles; strong semantic alignment to the JD (esp. skills); features active GitHub presence; high recruiter demand. Minor data-quality flag."
CAND_0022415,62,0.40559666380696924,"AI Research Engineer with 3.2 years of experience at Observe.AI, specializing in vector search and RAG (pgvector); strong semantic alignment to the JD (esp. experience trajectory); features good recruiter responsiveness; high recruiter demand."
CAND_0070252,63,0.40289756174658664,"Analytics Engineer with 6.4 years of experience at Cognizant, specializing in vector search and RAG (Milvus). Shown solid seniority growth in past roles; strong semantic alignment to the JD (esp. experience trajectory); features good recruiter responsiveness; high recruiter demand."
CAND_0020712,64,0.40047047749447406,"Data Analyst with 4.9 years of experience at Nykaa, specializing in applied ML (TensorFlow, NLP); experienced in backend infrastructure (SQL). Shown solid seniority growth in past roles; strong semantic alignment to the JD (esp. skills); features good recruiter responsiveness; high recruiter."
CAND_0050530,65,0.39869807672756263,"Senior Software Engineer with 7.1 years of experience at Nykaa, specializing in vector search and RAG (pgvector, Pinecone). Shown solid seniority growth in past roles; strong semantic alignment to the JD (esp. experience trajectory); features good recruiter responsiveness; high recruiter demand.."
CAND_0098709,66,0.3973347345087502,Backend Engineer with 5.4 years of experience at HCL; experienced in backend infrastructure (PostgreSQL); strong semantic alignment to the JD (esp. experience trajectory); features good recruiter responsiveness; high recruiter demand.
CAND_0054409,67,0.39620804506135215,"Data Engineer with 7.4 years of experience at Freshworks, specializing in applied ML (MLflow); experienced in backend infrastructure (PostgreSQL, Spark); strong semantic alignment to the JD (esp. experience trajectory); high recruiter demand, reliable follow-through. Note: candidate has not."
CAND_0006578,68,0.39584443396169183,Senior Data Engineer with 6.9 years of experience at PharmEasy. Shown solid seniority growth in past roles; strong semantic alignment to the JD (esp. experience trajectory); features active GitHub presence; high recruiter demand. Note: candidate has not actively seeking new roles.
CAND_0098894,69,0.39502484662765114,"Data Analyst with 4.4 years of experience at upGrad, specializing in vector search and RAG (pgvector). Shown solid seniority growth in past roles; strong semantic alignment to the JD (esp. experience trajectory); features active GitHub presence; high recruiter demand. Note: candidate has a long."
CAND_0078171,70,0.3948891625177836,Data Analyst with 7.9 years of experience at Flipkart. Shown solid seniority growth in past roles; strong semantic alignment to the JD (esp. experience trajectory); features good recruiter responsiveness; high recruiter demand. Note: candidate has a long 120-day notice period and is not actively.
CAND_0015928,71,0.39301293601071646,"Backend Engineer with 5.2 years of experience at Unacademy, specializing in vector search and RAG (FAISS); experienced in backend infrastructure (Kafka); strong semantic alignment to the JD (esp. experience trajectory); high recruiter demand, reliable follow-through. Note: candidate has a long."
CAND_0022635,72,0.3911237388000372,"Data Analyst with 5.8 years of experience at Ola, specializing in applied ML (BentoML). Shown solid seniority growth in past roles; strong semantic alignment to the JD (esp. experience trajectory); features active GitHub presence; high recruiter demand, reliable follow-through. Note: candidate has."
CAND_0063650,73,0.38868593148847747,"Software Engineer with 7.3 years of experience at Wayne Enterprises, specializing in applied ML (MLOps); experienced in backend infrastructure (Airflow). Shown solid seniority growth in past roles; moderate semantic fit to the JD; features active GitHub presence and good recruiter responsiveness."
CAND_0097802,74,0.3837044210754497,"Backend Engineer with 7.7 years of experience at Zoho, specializing in applied ML (TensorFlow, Python); experienced in backend infrastructure (Spark); strong semantic alignment to the JD (esp. experience trajectory); high recruiter demand."
CAND_0046533,75,0.38114816181611777,"Software Engineer with 4.3 years of experience at InMobi, specializing in vector search and RAG (FAISS, RAG). Shown solid seniority growth in past roles; strong semantic alignment to the JD (esp. experience trajectory); features strong GitHub activity; high recruiter demand, strong open-source."
CAND_0068332,76,0.3800827836249491,"Software Engineer with 6.7 years of experience at Tech Mahindra, specializing in applied ML (PyTorch); experienced in backend infrastructure (Kafka). Shown solid seniority growth in past roles; strong semantic alignment to the JD (esp. experience trajectory); features good recruiter responsiveness."
CAND_0052573,77,0.3788738831532396,"Data Analyst with 6.7 years of experience at Initech, specializing in vector search and RAG (Pinecone); moderate semantic fit to the JD; high recruiter demand."
CAND_0056543,78,0.37807682837251383,Data Analyst with 3.1 years of experience at Zoho; strong semantic alignment to the JD (esp. experience trajectory); features good recruiter responsiveness. Note: candidate has not actively seeking new roles.
CAND_0090201,79,0.3691302818048029,"Data Analyst with 8.0 years of experience at Accenture, specializing in vector search and RAG (Vector Search); experienced in backend infrastructure (PostgreSQL); strong semantic alignment to the JD (esp. experience trajectory); features strong GitHub activity and good recruiter responsiveness."
CAND_0072877,80,0.36730784571998915,"Data Engineer with 4.9 years of experience at BYJU'S, specializing in vector search and RAG (Milvus); strong semantic alignment to the JD (esp. experience trajectory); high recruiter demand. Note: candidate has not actively seeking new roles."
CAND_0002559,81,0.3650075660265966,"Senior Software Engineer with 7.9 years of experience at Mindtree, specializing in applied ML (BentoML). Shown solid seniority growth in past roles; strong semantic alignment to the JD (esp. experience trajectory); features good recruiter responsiveness; high recruiter demand."
CAND_0009061,82,0.3639228254907311,"Software Engineer with 6.0 years of experience at Infosys, specializing in applied ML (NLP); moderate semantic fit to the JD; high recruiter demand. Note: candidate has a long 120-day notice period. Minor data-quality flag (synthetic)."
CAND_0012049,83,0.36221289410199936,"Data Analyst with 4.8 years of experience at Initech, specializing in vector search and RAG (FAISS). Shown solid seniority growth in past roles; strong semantic alignment to the JD (esp. experience trajectory); high recruiter demand."
CAND_0025197,84,0.36161359840354523,"Analytics Engineer with 7.3 years of experience at Freshworks, specializing in vector search and RAG (RAG); strong semantic alignment to the JD (esp. experience trajectory); features active GitHub presence and good recruiter responsiveness; reliable follow-through."
CAND_0072861,85,0.3439284395878856,"Data Analyst with 3.5 years of experience at Meesho, specializing in applied ML (BentoML); strong semantic alignment to the JD (esp. experience trajectory); high recruiter demand."
CAND_0057494,86,0.318327029950011,"Software Engineer with 5.7 years of experience at Meesho, specializing in vector search and RAG (Pinecone). Shown solid seniority growth in past roles; strong semantic alignment to the JD (esp. experience trajectory); features good recruiter responsiveness; high recruiter demand. Note: candidate."
CAND_0065790,87,0.2976557404212596,"Software Engineer with 3.8 years of experience at Cognizant, specializing in vector search and RAG (Milvus, Vector Search); strong semantic alignment to the JD (esp. experience trajectory); features active GitHub presence; high recruiter demand, strong open-source footprint, reliable."
CAND_0022819,88,0.2897287568932998,"Data Analyst with 7.7 years of experience at BYJU'S, specializing in applied ML (BentoML, PyTorch); experienced in backend infrastructure (Airflow); moderate semantic fit to the JD; features very high recruiter responsiveness; high recruiter demand, reliable follow-through. Note: candidate has a."
CAND_0029794,89,0.2879587782229683,"Backend Engineer with 6.6 years of experience at Flipkart, specializing in vector search and RAG (Vector Search); experienced in backend infrastructure (Spark); strong semantic alignment to the JD (esp. experience trajectory); features good recruiter responsiveness; high recruiter demand, reliable."
CAND_0027875,90,0.2801955773692049,"Backend Engineer with 3.9 years of experience at Mphasis, specializing in applied ML (MLflow). Shown solid seniority growth in past roles; strong semantic alignment to the JD (esp. experience trajectory); high recruiter demand."
CAND_0089498,91,0.2795081112612682,"AI Specialist with 5.8 years of experience at Genpact AI, specializing in vector search and RAG (RAG). Shown solid seniority growth in past roles; strong semantic alignment to the JD (esp. experience trajectory); features active GitHub presence; high recruiter demand, strong open-source footprint."
CAND_0065288,92,0.27217945673923594,Data Engineer with 6.4 years of experience at Dream11. Shown solid seniority growth in past roles; strong semantic alignment to the JD (esp. experience trajectory); features good recruiter responsiveness; high recruiter demand. Note: candidate has not actively seeking new roles. Minor data-quality.
CAND_0069578,93,0.27110522975346635,"Backend Engineer with 7.1 years of experience at Razorpay, specializing in applied ML (Python, MLflow); strong semantic alignment to the JD (esp. experience trajectory); features good recruiter responsiveness; high recruiter demand, reliable follow-through. Minor data-quality flag (synthetic)."
CAND_0079529,94,0.2673024430693617,"Software Engineer with 7.2 years of experience at CRED, specializing in applied ML (BentoML, MLflow); strong semantic alignment to the JD (esp. experience trajectory); high recruiter demand, reliable follow-through. Note: candidate has not actively seeking new roles. Minor data-quality flag."
CAND_0061591,95,0.2652491619282615,"Software Engineer with 4.7 years of experience at Unacademy, specializing in vector search and RAG (RAG); experienced in backend infrastructure (SQL). Shown solid seniority growth in past roles; strong semantic alignment to the JD (esp. experience trajectory); features good recruiter."
CAND_0055668,96,0.2649940897512485,"Senior Data Engineer with 6.3 years of experience at CRED, specializing in vector search and RAG (Pinecone, pgvector). Shown solid seniority growth in past roles; strong semantic alignment to the JD (esp. experience trajectory); features active GitHub presence and good recruiter responsiveness."
CAND_0059224,97,0.25608276464735596,"Senior Software Engineer with 6.5 years of experience at CRED, specializing in vector search and RAG (Vector Search). Shown solid seniority growth in past roles; strong semantic alignment to the JD (esp. experience trajectory); features active GitHub presence; high recruiter demand, reliable."
CAND_0056729,98,0.25427402792606657,"Data Analyst with 7.3 years of experience at upGrad, specializing in vector search and RAG (RAG). Shown solid seniority growth in past roles; strong semantic alignment to the JD (esp. experience trajectory); features active GitHub presence and good recruiter responsiveness; high recruiter demand.."
CAND_0088307,99,0.24991037088018783,"Data Engineer with 4.5 years of experience at Globex Inc, specializing in vector search and RAG (pgvector); strong semantic alignment to the JD (esp. experience trajectory); high recruiter demand. Note: candidate has a long 120-day notice period and is not actively seeking new roles."
CAND_0055924,100,0.24401930580459663,"Backend Engineer with 5.3 years of experience at Mphasis, specializing in vector search and RAG (RAG); experienced in backend infrastructure (SQL). Shown solid seniority growth in past roles; strong semantic alignment to the JD (esp. experience trajectory); features good recruiter responsiveness."
CAND_0098745,101,0.24142764245789108,"Software Engineer with 5.1 years of experience at Zomato, specializing in vector search and RAG (Vector Search); strong semantic alignment to the JD (esp. experience trajectory); features good recruiter responsiveness; high recruiter demand. Note: candidate has not actively seeking new roles. Minor."
CAND_0084210,102,0.23916564728404138,"Software Engineer with 5.5 years of experience at Capgemini, specializing in vector search and RAG (Milvus); strong semantic alignment to the JD (esp. experience trajectory); high recruiter demand. Note: candidate has not actively seeking new roles. Minor data-quality flag (synthetic)."
CAND_0099303,103,0.23693518862091723,"Full Stack Developer with 7.5 years of experience at Dunder Mifflin, specializing in vector search and RAG (RAG); strong semantic alignment to the JD (esp. experience trajectory); high recruiter demand. Note: candidate has a long 120-day notice period and is not actively seeking new roles. Minor."
CAND_0033143,104,0.2314380253756159,"Senior Software Engineer with 4.6 years of experience at upGrad, specializing in applied ML (PyTorch); experienced in backend infrastructure (PostgreSQL). Shown solid seniority growth in past roles; strong semantic alignment to the JD (esp. experience trajectory); features good recruiter."
CAND_0092683,105,0.23116708691842974,DevOps Engineer with 6.7 years of experience at Capgemini; experienced in backend infrastructure (PostgreSQL); strong semantic alignment to the JD (esp. experience trajectory); high recruiter demand. Note: candidate has not actively seeking new roles. Minor data-quality flag (synthetic).
CAND_0074389,106,0.23082931179707886,"Software Engineer with 6.5 years of experience at Dunder Mifflin; strong semantic alignment to the JD (esp. experience trajectory); features active GitHub presence and good recruiter responsiveness; high recruiter demand, reliable follow-through. Note: candidate has a long 120-day notice period and."
CAND_0097694,107,0.2296716167627734,"Backend Engineer with 4.1 years of experience at Swiggy, specializing in applied ML (BentoML). Shown solid seniority growth in past roles; strong semantic alignment to the JD (esp. experience trajectory); features good recruiter responsiveness; high recruiter demand. Note: candidate has not."
CAND_0081665,108,0.22855573818619104,"DevOps Engineer with 5.4 years of experience at Capgemini, specializing in vector search and RAG (Pinecone); experienced in backend infrastructure (SQL); strong semantic alignment to the JD (esp. experience trajectory). Minor data-quality flag (synthetic)."
CAND_0004131,109,0.22835467502367604,"Junior ML Engineer with 6.8 years of experience at Flipkart, specializing in vector search and RAG (pgvector, Pinecone); strong semantic alignment to the JD (esp. experience trajectory); features active GitHub presence; high recruiter demand, strong open-source footprint. Note: candidate has a long."
CAND_0081657,110,0.22096024993412183,Backend Engineer with 6.4 years of experience at HCL; experienced in backend infrastructure (Airflow). Shown solid seniority growth in past roles; strong semantic alignment to the JD (esp. experience trajectory); high recruiter demand. Note: candidate has not actively seeking new roles.
CAND_0093426,111,0.22060422174644867,"Senior Data Engineer with 5.2 years of experience at Paytm, specializing in vector search and RAG (FAISS). Shown solid seniority growth in past roles; strong semantic alignment to the JD (esp. experience trajectory); features active GitHub presence; high recruiter demand, reliable follow-through."
CAND_0087671,112,0.21959190118462976,"QA Engineer with 5.1 years of experience at Flipkart; strong semantic alignment to the JD (esp. experience trajectory); features active GitHub presence and good recruiter responsiveness; high recruiter demand, reliable follow-through. Note: candidate has a long 150-day notice period and is not."
CAND_0056067,113,0.21815686357888642,"Full Stack Developer with 4.4 years of experience at Wayne Enterprises, specializing in applied ML (MLOps); strong semantic alignment to the JD (esp. experience trajectory); features good recruiter responsiveness; high recruiter demand. Note: candidate has a long 120-day notice period."
CAND_0067604,114,0.2179923003394451,"Cloud Engineer with 4.4 years of experience at Swiggy, specializing in vector search and RAG (Pinecone); strong semantic alignment to the JD (esp. experience trajectory); features active GitHub presence and good recruiter responsiveness; high recruiter demand. Note: candidate has not actively."
CAND_0097008,115,0.2177229488703527,"Senior Software Engineer with 6.6 years of experience at PolicyBazaar, specializing in applied ML (HTML). Shown solid seniority growth in past roles; strong semantic alignment to the JD (esp. experience trajectory); features good recruiter responsiveness; high recruiter demand. Note: candidate has."
CAND_0077196,116,0.21473750411204964,Backend Engineer with 7.4 years of experience at Wayne Enterprises; strong semantic alignment to the JD (esp. experience trajectory); features active GitHub presence; high recruiter demand. Note: candidate has not actively seeking new roles.
CAND_0081730,117,0.21376359877195864,"Senior Data Engineer with 7.8 years of experience at PhonePe, specializing in applied ML (MLflow, NLP). Shown solid seniority growth in past roles; strong semantic alignment to the JD (esp. experience trajectory); features good recruiter responsiveness; high recruiter demand, reliable."
CAND_0099231,118,0.21375977320299974,"Java Developer with 6.3 years of experience at Accenture, specializing in vector search and RAG (Vector Search, pgvector); experienced in backend infrastructure (SQL); strong semantic alignment to the JD (esp. experience trajectory); high recruiter demand. Note: candidate has not actively seeking."
CAND_0019748,119,0.2100931788787695,"Cloud Engineer with 9.6 years of experience at Initech, specializing in vector search and RAG (Milvus); moderate semantic fit to the JD; features good recruiter responsiveness; high recruiter demand."
CAND_0039954,120,0.20992921065460837,"Cloud Engineer with 9.9 years of experience at Hooli; experienced in backend infrastructure (PostgreSQL); strong semantic alignment to the JD (esp. experience trajectory); features good recruiter responsiveness; high recruiter demand, reliable follow-through. Note: candidate has not actively."
CAND_0059131,121,0.20960203498550276,"Mobile Developer with 4.1 years of experience at CRED, specializing in applied ML (HTML, MLflow); experienced in backend infrastructure (Spark); strong semantic alignment to the JD (esp. experience trajectory); features good recruiter responsiveness; high recruiter demand. Note: candidate has a."
CAND_0097010,122,0.20955883350770146,"Java Developer with 6.4 years of experience at Hooli; experienced in backend infrastructure (SQL, PostgreSQL); strong semantic alignment to the JD (esp. experience trajectory); features very high recruiter responsiveness. Note: candidate has a long 120-day notice period. Minor data-quality flag."
CAND_0034908,123,0.20929956907145905,"QA Engineer with 4.5 years of experience at Tech Mahindra; experienced in backend infrastructure (PostgreSQL, Airflow); strong semantic alignment to the JD (esp. experience trajectory); features active GitHub presence; high recruiter demand. Note: candidate has a long 120-day notice period."
CAND_0002474,124,0.20873325085680816,"Cloud Engineer with 9.6 years of experience at Acme Corp, specializing in applied ML (Python); experienced in backend infrastructure (Kafka); strong semantic alignment to the JD (esp. experience trajectory); high recruiter demand. Note: candidate has not actively seeking new roles. Minor."
CAND_0011718,125,0.20869207177062754,"Java Developer with 9.7 years of experience at Mindtree, specializing in applied ML (BentoML); strong semantic alignment to the JD (esp. experience trajectory); features good recruiter responsiveness; high recruiter demand. Note: candidate has not actively seeking new roles. Minor data-quality flag."
CAND_0009040,126,0.20757252170192678,".NET Developer with 7.2 years of experience at Razorpay; moderate semantic fit to the JD; features good recruiter responsiveness; high recruiter demand, reliable follow-through. Note: candidate has not actively seeking new roles."
CAND_0043583,127,0.20741616950504085,"Cloud Engineer with 7.4 years of experience at Wayne Enterprises, specializing in applied ML (PyTorch); strong semantic alignment to the JD (esp. experience trajectory); high recruiter demand. Note: candidate has not actively seeking new roles. Minor data-quality flag (synthetic)."
CAND_0085652,128,0.20716563714250058,"Full Stack Developer with 6.8 years of experience at Pied Piper, specializing in applied ML (HTML); experienced in backend infrastructure (Airflow); strong semantic alignment to the JD (esp. experience trajectory); features good recruiter responsiveness; high recruiter demand. Note: candidate has."
CAND_0084526,129,0.2071040643021829,Cloud Engineer with 6.9 years of experience at Acme Corp; strong semantic alignment to the JD (esp. experience trajectory); features active GitHub presence and good recruiter responsiveness; high recruiter demand. Note: candidate has a long 120-day notice period and is not actively seeking new.
CAND_0032704,130,0.20701811187765354,Software Engineer with 8.2 years of experience at Initech; strong semantic alignment to the JD (esp. experience trajectory); features good recruiter responsiveness; high recruiter demand. Note: candidate has not actively seeking new roles. Minor data-quality flag (synthetic).
CAND_0036679,131,0.20650732185749246,Cloud Engineer with 6.1 years of experience at CRED; experienced in backend infrastructure (SQL); strong semantic alignment to the JD (esp. experience trajectory); features very high recruiter responsiveness; high recruiter demand. Note: candidate has a long 120-day notice period and is not.
CAND_0097160,132,0.206456580784258,"Java Developer with 5.5 years of experience at Wipro, specializing in applied ML (Python); experienced in backend infrastructure (Kafka); strong semantic alignment to the JD (esp. experience trajectory); high recruiter demand, reliable follow-through. Note: candidate has a long 120-day notice."
CAND_0063839,133,0.20644695404060223,".NET Developer with 4.9 years of experience at Flipkart, specializing in applied ML (HTML); strong semantic alignment to the JD (esp. experience trajectory); features good recruiter responsiveness; high recruiter demand. Note: candidate has a long 120-day notice period and is not actively seeking."
CAND_0058741,134,0.2060866156765165,".NET Developer with 7.3 years of experience at Capgemini, specializing in vector search and RAG (Vector Search, RAG); moderate semantic fit to the JD; features active GitHub presence. Note: candidate has not actively seeking new roles."
CAND_0024076,135,0.2057884028228925,"DevOps Engineer with 8.0 years of experience at Capgemini, specializing in applied ML (MLOps, BentoML); strong semantic alignment to the JD (esp. experience trajectory); high recruiter demand, reliable follow-through. Note: candidate has a long 120-day notice period. Minor data-quality flag."
CAND_0004457,136,0.20540215425459465,"Software Engineer with 5.9 years of experience at CRED, specializing in applied ML (MLOps); strong semantic alignment to the JD (esp. experience trajectory); high recruiter demand. Minor data-quality flag (synthetic)."
CAND_0050218,137,0.20517731158277575,"DevOps Engineer with 9.2 years of experience at Initech, specializing in applied ML (MLflow, NLP); experienced in backend infrastructure (SQL, PostgreSQL); strong semantic alignment to the JD (esp. experience trajectory); features active GitHub presence and good recruiter responsiveness; high."
CAND_0058414,138,0.20510093534661047,"Software Engineer with 9.4 years of experience at Zomato, specializing in vector search and RAG (Vector Search); moderate semantic fit to the JD; features active GitHub presence; high recruiter demand. Note: candidate has a long 120-day notice period."
CAND_0087111,139,0.2050660742942401,DevOps Engineer with 6.0 years of experience at Mphasis; experienced in backend infrastructure (SQL); strong semantic alignment to the JD (esp. experience trajectory); high recruiter demand. Note: candidate has not actively seeking new roles. Minor data-quality flag (synthetic).
CAND_0069097,140,0.20502793555022705,".NET Developer with 5.0 years of experience at Cognizant; experienced in backend infrastructure (Kafka, Airflow); strong semantic alignment to the JD (esp. experience trajectory). Note: candidate has a long 120-day notice period and is not actively seeking new roles. Minor data-quality flag."
CAND_0001462,141,0.20493288473044605,"Mobile Developer with 3.2 years of experience at TCS, specializing in vector search and RAG (Pinecone); experienced in backend infrastructure (SQL); moderate semantic fit to the JD; features good recruiter responsiveness; high recruiter demand, reliable follow-through. Note: candidate has a long."
CAND_0008869,142,0.20469166589055507,"Cloud Engineer with 8.8 years of experience at Mphasis, specializing in applied ML (HTML); moderate semantic fit to the JD; features good recruiter responsiveness; high recruiter demand. Note: candidate has a long 120-day notice period and is not actively seeking new roles."
CAND_0042823,143,0.20449644230546604,Full Stack Developer with 8.8 years of experience at CRED; experienced in backend infrastructure (SQL); strong semantic alignment to the JD (esp. experience trajectory); features good recruiter responsiveness; high recruiter demand. Note: candidate has not actively seeking new roles.
CAND_0074350,144,0.20405938590952505,".NET Developer with 6.8 years of experience at Tech Mahindra, specializing in applied ML (MLflow); experienced in backend infrastructure (Airflow); strong semantic alignment to the JD (esp. experience trajectory); features very high recruiter responsiveness; high recruiter demand. Note: candidate."
CAND_0067243,145,0.2040435433565029,"DevOps Engineer with 3.6 years of experience at Accenture, specializing in applied ML (BentoML, NLP); experienced in backend infrastructure (Airflow); strong semantic alignment to the JD (esp. experience trajectory). Note: candidate has a long 120-day notice period and is not actively seeking new."
CAND_0017175,146,0.20388062240129756,"DevOps Engineer with 9.0 years of experience at Dunder Mifflin, specializing in applied ML (BentoML); strong semantic alignment to the JD (esp. experience trajectory); high recruiter demand. Note: candidate has a long 120-day notice period and is not actively seeking new roles."
CAND_0011640,147,0.20383142441922886,Full Stack Developer with 6.1 years of experience at Pied Piper; moderate semantic fit to the JD; features very high recruiter responsiveness; high recruiter demand. Note: candidate has a long 120-day notice period and is not actively seeking new roles.
CAND_0038744,148,0.20381357060417832,"Full Stack Developer with 7.8 years of experience at Accenture, specializing in applied ML (HTML); experienced in backend infrastructure (PostgreSQL); strong semantic alignment to the JD (esp. experience trajectory); high recruiter demand. Note: candidate has not actively seeking new roles. Minor."
CAND_0022486,149,0.20361874322713247,".NET Developer with 5.1 years of experience at Pied Piper, specializing in applied ML (HTML, MLflow); strong semantic alignment to the JD (esp. experience trajectory); features good recruiter responsiveness; high recruiter demand, reliable follow-through. Note: candidate has not actively seeking."
CAND_0022203,150,0.20351156307801266,QA Engineer with 5.1 years of experience at Swiggy; strong semantic alignment to the JD (esp. experience trajectory); features active GitHub presence; high recruiter demand. Note: candidate has not actively seeking new roles.
CAND_0020347,151,0.203274334586288,"Mobile Developer with 9.4 years of experience at Pied Piper, specializing in applied ML (MLflow); experienced in backend infrastructure (Spark); moderate semantic fit to the JD; features active GitHub presence and good recruiter responsiveness. Note: candidate has a long 120-day notice period."
CAND_0051982,152,0.20325556588718954,"Software Engineer with 5.0 years of experience at Wipro, specializing in applied ML (MLflow); strong semantic alignment to the JD (esp. experience trajectory); features good recruiter responsiveness; high recruiter demand. Minor data-quality flag (synthetic)."
CAND_0073374,153,0.20322228628607936,"Mobile Developer with 7.6 years of experience at Accenture, specializing in vector search and RAG (pgvector); moderate semantic fit to the JD; high recruiter demand. Note: candidate has a long 120-day notice period and is not actively seeking new roles. Minor data-quality flag (synthetic)."
CAND_0022686,154,0.20257982722364357,"DevOps Engineer with 8.9 years of experience at Wayne Enterprises, specializing in applied ML (TensorFlow); strong semantic alignment to the JD (esp. experience trajectory); high recruiter demand. Note: candidate has not actively seeking new roles. Minor data-quality flag (synthetic)."
CAND_0071358,155,0.20218290907276407,"Full Stack Developer with 9.6 years of experience at Acme Corp; experienced in backend infrastructure (Kafka, PostgreSQL); strong semantic alignment to the JD (esp. experience trajectory); high recruiter demand. Note: candidate has a long 150-day notice period and is not actively seeking new roles.."
CAND_0013638,156,0.20169828622126068,"Frontend Engineer with 6.7 years of experience at TCS, specializing in applied ML (PyTorch, HTML); experienced in backend infrastructure (Kafka, Airflow); strong semantic alignment to the JD (esp. experience trajectory); features active GitHub presence; high recruiter demand."
CAND_0011412,157,0.20169224853031495,"QA Engineer with 9.5 years of experience at CRED, specializing in applied ML (HTML); experienced in backend infrastructure (Airflow); strong semantic alignment to the JD (esp. experience trajectory); high recruiter demand. Minor data-quality flag (synthetic)."
CAND_0040286,158,0.2012189237205133,"Frontend Engineer with 9.7 years of experience at Capgemini, specializing in vector search and RAG (pgvector); experienced in backend infrastructure (SQL, Kafka); strong semantic alignment to the JD (esp. experience trajectory); features very high recruiter responsiveness; high recruiter demand.."
CAND_0074988,159,0.20102961468170577,Full Stack Developer with 8.6 years of experience at Hooli; experienced in backend infrastructure (Spark); moderate semantic fit to the JD. Minor data-quality flag (synthetic).
CAND_0078528,160,0.20099290936120767,Full Stack Developer with 9.0 years of experience at CRED; experienced in backend infrastructure (Airflow); moderate semantic fit to the JD; high recruiter demand. Note: candidate has a long 120-day notice period. Minor data-quality flag (synthetic).
CAND_0096487,161,0.20071676054845825,Software Engineer with 9.6 years of experience at Accenture; experienced in backend infrastructure (Airflow); strong semantic alignment to the JD (esp. experience trajectory); features good recruiter responsiveness; high recruiter demand. Note: candidate has a long 120-day notice period and is not.
CAND_0060383,162,0.2003293769442246,DevOps Engineer with 7.6 years of experience at HCL; moderate semantic fit to the JD; features good recruiter responsiveness; high recruiter demand. Note: candidate has not actively seeking new roles. Minor data-quality flag (synthetic).
CAND_0077527,163,0.2001639079957715,Frontend Engineer with 5.8 years of experience at Cognizant; experienced in backend infrastructure (SQL); strong semantic alignment to the JD (esp. experience trajectory); features active GitHub presence. Note: candidate has not actively seeking new roles.
CAND_0055526,164,0.20013727827343578,"Frontend Engineer with 4.3 years of experience at Razorpay; experienced in backend infrastructure (SQL, Airflow); moderate semantic fit to the JD; features good recruiter responsiveness; high recruiter demand, reliable follow-through. Note: candidate has not actively seeking new roles. Minor."
CAND_0013658,165,0.19913072509603102,"DevOps Engineer with 5.6 years of experience at HCL, specializing in vector search and RAG (Milvus); experienced in backend infrastructure (SQL); strong semantic alignment to the JD (esp. experience trajectory); high recruiter demand. Note: candidate has not actively seeking new roles."
CAND_0002593,166,0.19905213391335272,"DevOps Engineer with 9.8 years of experience at Wipro, specializing in applied ML (PyTorch); experienced in backend infrastructure (Spark); strong semantic alignment to the JD (esp. experience trajectory); high recruiter demand, reliable follow-through. Minor data-quality flag (synthetic)."
CAND_0099119,167,0.19874002863403736,"DevOps Engineer with 8.6 years of experience at Dunder Mifflin, specializing in applied ML (HTML, MLOps); experienced in backend infrastructure (Kafka); moderate semantic fit to the JD; features active GitHub presence. Note: candidate has a long 120-day notice period and is not actively seeking new."
CAND_0046251,168,0.19763731604612894,"QA Engineer with 6.2 years of experience at Mphasis; experienced in backend infrastructure (Spark, SQL); strong semantic alignment to the JD (esp. experience trajectory); high recruiter demand. Note: candidate has not actively seeking new roles. Minor data-quality flag (synthetic)."
CAND_0017212,169,0.19757212897065002,DevOps Engineer with 4.8 years of experience at CRED; experienced in backend infrastructure (SQL); strong semantic alignment to the JD (esp. experience trajectory); features active GitHub presence and good recruiter responsiveness; high recruiter demand. Note: candidate has not actively seeking new.
CAND_0023611,170,0.1972931275455145,QA Engineer with 9.1 years of experience at Accenture; moderate semantic fit to the JD; high recruiter demand. Note: candidate has a long 150-day notice period and is not actively seeking new roles.
CAND_0063611,171,0.19691928905313447,Mobile Developer with 8.2 years of experience at Flipkart; experienced in backend infrastructure (PostgreSQL); moderate semantic fit to the JD; features good recruiter responsiveness; high recruiter demand. Minor data-quality flag (synthetic).
CAND_0090936,172,0.19674029685803746,"Mobile Developer with 6.3 years of experience at Pied Piper; experienced in backend infrastructure (Spark, Kafka); strong semantic alignment to the JD (esp. experience trajectory); features active GitHub presence and good recruiter responsiveness; high recruiter demand. Note: candidate has not."
CAND_0009268,173,0.1966449254427417,"Java Developer with 5.3 years of experience at Razorpay, specializing in applied ML (HTML); experienced in backend infrastructure (Spark); moderate semantic fit to the JD. Note: candidate has a long 120-day notice period. Minor data-quality flag (synthetic)."
CAND_0086378,174,0.1965961287958529,QA Engineer with 8.4 years of experience at Accenture; strong semantic alignment to the JD (esp. experience trajectory); high recruiter demand. Note: candidate has not actively seeking new roles. Minor data-quality flag (synthetic).
CAND_0091498,175,0.19487276676374848,"Software Engineer with 9.5 years of experience at Infosys, specializing in vector search and RAG (Milvus); experienced in backend infrastructure (PostgreSQL); strong semantic alignment to the JD (esp. experience trajectory); features active GitHub presence."
CAND_0015689,176,0.19443166631109646,"Java Developer with 4.1 years of experience at Zomato, specializing in applied ML (MLflow); moderate semantic fit to the JD; features good recruiter responsiveness; high recruiter demand. Note: candidate has not actively seeking new roles. Minor data-quality flag (synthetic)."
CAND_0063566,177,0.1942394011940577,Mobile Developer with 8.4 years of experience at Mindtree; experienced in backend infrastructure (Airflow); moderate semantic fit to the JD. Note: candidate has not actively seeking new roles.
CAND_0022193,178,0.19300652175315036,DevOps Engineer with 5.0 years of experience at Stark Industries; experienced in backend infrastructure (Spark); strong semantic alignment to the JD (esp. experience trajectory); high recruiter demand. Minor data-quality flag (synthetic).
CAND_0060066,179,0.18778339848795425,".NET Developer with 7.3 years of experience at Wipro; experienced in backend infrastructure (Spark, Kafka); strong semantic alignment to the JD (esp. experience trajectory). Note: candidate has not actively seeking new roles."
CAND_0034873,180,0.18660475875392335,"Full Stack Developer with 8.5 years of experience at Pied Piper; experienced in backend infrastructure (SQL, PostgreSQL); moderate semantic fit to the JD; high recruiter demand. Note: candidate has not actively seeking new roles. Minor data-quality flag (synthetic)."
CAND_0021230,181,0.18616952718154745,"Frontend Engineer with 3.2 years of experience at CRED; experienced in backend infrastructure (PostgreSQL, Spark); strong semantic alignment to the JD (esp. experience trajectory); features good recruiter responsiveness; high recruiter demand. Note: candidate has not actively seeking new roles.."
CAND_0067231,182,0.18300478894650635,QA Engineer with 4.9 years of experience at CRED; moderate semantic fit to the JD; features good recruiter responsiveness; high recruiter demand. Note: candidate has not actively seeking new roles.
CAND_0017697,183,0.18011798507432322,Frontend Engineer with 7.1 years of experience at Stark Industries; strong semantic alignment to the JD (esp. experience trajectory); high recruiter demand. Note: candidate has a long 120-day notice period. Minor data-quality flag (synthetic).
CAND_0001128,184,0.16999684118416705,"QA Engineer with 6.4 years of experience at Pied Piper, specializing in applied ML (Python); experienced in backend infrastructure (PostgreSQL, SQL); moderate semantic fit to the JD; high recruiter demand, reliable follow-through. Minor data-quality flag (synthetic)."
CAND_0037311,185,0.1692564397449338,"Cloud Engineer with 4.4 years of experience at Wipro, specializing in vector search and RAG (pgvector); experienced in backend infrastructure (Kafka); strong semantic alignment to the JD (esp. experience trajectory); features good recruiter responsiveness; high recruiter demand. Note: candidate has."
CAND_0039659,186,0.14176774652632804,"Frontend Engineer with 8.2 years of experience at TCS, specializing in vector search and RAG (RAG); experienced in backend infrastructure (PostgreSQL, SQL); strong semantic alignment to the JD (esp. experience trajectory); features good recruiter responsiveness; high recruiter demand. Note:."
CAND_0047632,187,0.13783268792418313,"Mobile Developer with 4.3 years of experience at TCS, specializing in applied ML (MLflow); experienced in backend infrastructure (SQL); strong semantic alignment to the JD (esp. experience trajectory); features active GitHub presence and good recruiter responsiveness; high recruiter demand. Note:."
CAND_0076027,188,0.13029955482269998,"Data Engineer with 6.0 years of experience at Mphasis, specializing in applied ML (MLOps); strong semantic alignment to the JD (esp. experience trajectory); features active GitHub presence and good recruiter responsiveness; high recruiter demand, reliable follow-through. Note: candidate has not."
CAND_0089641,189,0.11547235429790671,Software Engineer with 7.8 years of experience at Zomato; moderate semantic fit to the JD; high recruiter demand. Minor data-quality flag (synthetic).
CAND_0076516,190,0.10222008275347509,"Cloud Engineer with 9.2 years of experience at Zomato; moderate semantic fit to the JD; high recruiter demand, reliable follow-through."
CAND_0057383,191,0.09850705249037708,Full Stack Developer with 7.9 years of experience at Infosys; experienced in backend infrastructure (Kafka); moderate semantic fit to the JD; features active GitHub presence; high recruiter demand.
CAND_0020427,192,0.09159373619876274,"Software Engineer with 9.6 years of experience at Capgemini, specializing in applied ML (HTML); experienced in backend infrastructure (Airflow); strong semantic alignment to the JD (esp. experience trajectory); high recruiter demand. Note: candidate has not actively seeking new roles. Minor."
CAND_0037551,193,0.08529239946693484,"Graphic Designer with 10.1 years of experience at Initech, specializing in vector search and RAG (Vector Search); strong semantic alignment to the JD (esp. experience trajectory); features good recruiter responsiveness; high recruiter demand. Note: candidate has not actively seeking new roles."
CAND_0026480,194,0.0821521881331937,"Operations Manager with 7.1 years of experience at Infosys, specializing in vector search and RAG (FAISS, Vector Search); strong semantic alignment to the JD (esp. experience trajectory); features active GitHub presence and good recruiter responsiveness; high recruiter demand. Note: candidate has a."
CAND_0040449,195,0.07957313649242413,"Marketing Manager with 8.8 years of experience at TCS, specializing in vector search and RAG (FAISS, Vector Search); experienced in backend infrastructure (Kafka); strong semantic alignment to the JD (esp. experience trajectory); high recruiter demand. Note: candidate has not actively seeking new."
CAND_0094337,196,0.07671957656979923,Cloud Engineer with 5.4 years of experience at Tech Mahindra; strong semantic alignment to the JD (esp. experience trajectory); features good recruiter responsiveness; high recruiter demand. Note: candidate has a long 120-day notice period and is not actively seeking new roles. Minor data-quality.
CAND_0018716,197,0.07541453782204269,"Frontend Engineer with 9.7 years of experience at HCL, specializing in applied ML (HTML); strong semantic alignment to the JD (esp. experience trajectory); features good recruiter responsiveness. Minor data-quality flag (synthetic)."
CAND_0085406,198,0.07150400559284868,"Frontend Engineer with 4.5 years of experience at Wipro; experienced in backend infrastructure (Spark, Airflow); strong semantic alignment to the JD (esp. experience trajectory). Note: candidate has not actively seeking new roles. Minor data-quality flag (synthetic)."
CAND_0077215,199,0.07130553628978958,.NET Developer with 8.9 years of experience at HCL; experienced in backend infrastructure (Spark); moderate semantic fit to the JD; high recruiter demand. Minor data-quality flag (synthetic).
CAND_0034203,200,0.07119527043732879,"Frontend Engineer with 5.6 years of experience at Mindtree, specializing in applied ML (PyTorch); strong semantic alignment to the JD (esp. experience trajectory); features active GitHub presence; high recruiter demand. Note: candidate has not actively seeking new roles."
CAND_0064746,201,0.06890842232560347,"Graphic Designer with 10.9 years of experience at Wipro, specializing in vector search and RAG (Vector Search, FAISS); strong semantic alignment to the JD (esp. skills). Note: candidate has a long 120-day notice period and is not actively seeking new roles. Minor data-quality flag (synthetic)."
CAND_0067252,202,0.06784368856520304,"Java Developer with 7.9 years of experience at Initech, specializing in applied ML (HTML); moderate semantic fit to the JD; high recruiter demand."
CAND_0098162,203,0.06400900238747675,Cloud Engineer with 9.8 years of experience at Dunder Mifflin; experienced in backend infrastructure (SQL); strong semantic alignment to the JD (esp. experience trajectory); features good recruiter responsiveness; high recruiter demand. Note: candidate has not actively seeking new roles. Minor.
CAND_0031540,204,0.06387561977800553,"Project Manager with 5.3 years of experience at Wayne Enterprises, specializing in vector search and RAG (Vector Search, Pinecone); experienced in backend infrastructure (Spark); strong semantic alignment to the JD (esp. skills); features good recruiter responsiveness; high recruiter demand. Note:."
CAND_0003974,205,0.06109146673528457,DevOps Engineer with 4.3 years of experience at Capgemini; moderate semantic fit to the JD. Note: candidate has a long 120-day notice period and is not actively seeking new roles. Minor data-quality flag (synthetic).
CAND_0075010,206,0.05889484673620678,"Operations Manager with 9.4 years of experience at Wayne Enterprises, specializing in vector search and RAG (Vector Search, FAISS); experienced in backend infrastructure (Kafka, SQL); strong semantic alignment to the JD (esp. skills); features good recruiter responsiveness; high recruiter demand."
CAND_0073482,207,0.05526763368789488,"Cloud Engineer with 3.9 years of experience at Mphasis, specializing in applied ML (PyTorch); strong semantic alignment to the JD (esp. experience trajectory); high recruiter demand. Note: candidate has not actively seeking new roles. Minor data-quality flag (synthetic)."
CAND_0091884,208,0.049030377413507305,"Accountant with 5.5 years of experience at Stark Industries, specializing in vector search and RAG (RAG, Vector Search); strong semantic alignment to the JD (esp. skills). Note: candidate has not actively seeking new roles."
CAND_0010757,209,0.04569675921058267,"Mechanical Engineer with 3.4 years of experience at Wipro, specializing in vector search and RAG (FAISS, Vector Search); strong semantic alignment to the JD (esp. experience trajectory); features good recruiter responsiveness; high recruiter demand. Note: candidate has not actively seeking new."
CAND_0036154,210,0.04422689246147102,Frontend Engineer with 4.5 years of experience at Globex Inc; moderate semantic fit to the JD; features good recruiter responsiveness; high recruiter demand. Note: candidate has not actively seeking new roles. Minor data-quality flag (synthetic).
CAND_0009535,211,0.043597881449821727,"Customer Support with 9.2 years of experience at Initech, specializing in vector search and RAG (RAG); experienced in backend infrastructure (Airflow); strong semantic alignment to the JD (esp. experience trajectory). Note: candidate has not actively seeking new roles."
CAND_0015708,212,0.042670652870517786,"Accountant with 14.0 years of experience at Wipro, specializing in vector search and RAG (Pinecone, RAG); moderate semantic fit to the JD. Note: candidate has a long 120-day notice period and is not actively seeking new roles."
CAND_0017732,213,0.04137475767991826,"Business Analyst with 5.5 years of experience at Infosys, specializing in vector search and RAG (Vector Search, FAISS); experienced in backend infrastructure (Kafka); moderate semantic fit to the JD; features active GitHub presence; high recruiter demand. Note: candidate has not actively seeking."
CAND_0097077,214,0.038732384816116246,"Customer Support with 5.6 years of experience at Initech, specializing in vector search and RAG (Pinecone, Vector Search); strong semantic alignment to the JD (esp. experience trajectory); high recruiter demand. Minor data-quality flag (synthetic)."
CAND_0020140,215,0.03513871227522487,"Customer Support with 9.8 years of experience at TCS, specializing in vector search and RAG (Pinecone, RAG); strong semantic alignment to the JD (esp. experience trajectory); reliable follow-through. Note: candidate has a long 120-day notice period."
CAND_0083689,216,0.03340567431040731,"Business Analyst with 7.5 years of experience at Globex Inc, specializing in vector search and RAG (Pinecone, Vector Search); experienced in backend infrastructure (Airflow); moderate semantic fit to the JD; features active GitHub presence. Note: candidate has not actively seeking new roles."
CAND_0009058,217,0.03175757284552534,"Civil Engineer with 10.1 years of experience at Globex Inc, specializing in vector search and RAG (RAG); strong semantic alignment to the JD (esp. experience trajectory). Note: candidate has not actively seeking new roles."
CAND_0036820,218,0.03058631860066163,"Customer Support with 3.3 years of experience at Hooli, specializing in vector search and RAG (FAISS, Pinecone); experienced in backend infrastructure (Airflow); strong semantic alignment to the JD (esp. skills). Note: candidate has not actively seeking new roles."
CAND_0039691,219,0.02919624539972748,"Business Analyst with 9.1 years of experience at Pied Piper, specializing in vector search and RAG (Vector Search, FAISS); strong semantic alignment to the JD (esp. skills). Minor data-quality flag (synthetic)."
CAND_0086755,220,0.028111494929581014,"QA Engineer with 4.7 years of experience at Accenture; strong semantic alignment to the JD (esp. experience trajectory); high recruiter demand, reliable follow-through. Note: candidate has not actively seeking new roles. Minor data-quality flag (synthetic)."
CAND_0006508,221,0.026259511054813386,"Operations Manager with 3.0 years of experience at Dunder Mifflin, specializing in vector search and RAG (FAISS, Pinecone); experienced in backend infrastructure (Spark, Kafka); strong semantic alignment to the JD (esp. skills); high recruiter demand. Note: candidate has not actively seeking new."
CAND_0091083,222,0.025410220819184082,"Graphic Designer with 10.1 years of experience at Infosys, specializing in vector search and RAG (Pinecone, Vector Search); experienced in backend infrastructure (Kafka); strong semantic alignment to the JD (esp. skills); features active GitHub presence; high recruiter demand. Note: candidate has."
CAND_0041406,223,0.024917563083668652,Accountant with 5.1 years of experience at Wipro; experienced in backend infrastructure (PostgreSQL); moderate semantic fit to the JD; features active GitHub presence and good recruiter responsiveness; high recruiter demand. Note: candidate has not actively seeking new roles.
CAND_0094791,224,0.018855737108351964,Mechanical Engineer with 13.2 years of experience at Globex Inc; experienced in backend infrastructure (Spark); moderate semantic fit to the JD; features active GitHub presence and good recruiter responsiveness; high recruiter demand. Note: candidate has not actively seeking new roles.
CAND_0028806,225,0.01380894481603477,"Customer Support with 13.6 years of experience at Stark Industries, specializing in applied ML (BentoML); experienced in backend infrastructure (SQL); moderate semantic fit to the JD; high recruiter demand. Note: candidate has a long 120-day notice period and is not actively seeking new roles."
CAND_0064644,226,0.011881340631739522,Customer Support with 10.6 years of experience at Infosys; experienced in backend infrastructure (PostgreSQL); moderate semantic fit to the JD; features good recruiter responsiveness; high recruiter demand. Minor data-quality flag (synthetic).
CAND_0011734,227,0.0108669927718662,Civil Engineer with 9.3 years of experience at Wayne Enterprises; moderate semantic fit to the JD; features good recruiter responsiveness; high recruiter demand. Minor data-quality flag (synthetic).
CAND_0062260,228,0.00938740042166023,Operations Manager with 7.1 years of experience at Wayne Enterprises; experienced in backend infrastructure (SQL); moderate semantic fit to the JD. Minor data-quality flag (synthetic).
CAND_0022319,229,0.009382296578204717,HR Manager with 9.3 years of experience at Wayne Enterprises; moderate semantic fit to the JD; high recruiter demand. Minor data-quality flag (synthetic).
CAND_0042125,230,0.008477170633120475,"Business Analyst with 11.1 years of experience at Wipro; experienced in backend infrastructure (Kafka, PostgreSQL); moderate semantic fit to the JD; features good recruiter responsiveness; high recruiter demand. Note: candidate has a long 120-day notice period. Minor data-quality flag (synthetic)."
CAND_0073220,231,0.008359318558172445,"HR Manager with 8.8 years of experience at TCS, specializing in applied ML (HTML); experienced in backend infrastructure (SQL); strong semantic alignment to the JD (esp. experience trajectory); features active GitHub presence and good recruiter responsiveness; high recruiter demand, reliable."
CAND_0048562,232,0.00827736365559465,Marketing Manager with 14.6 years of experience at Stark Industries; moderate semantic fit to the JD; features good recruiter responsiveness; high recruiter demand. Note: candidate has a long 150-day notice period and is not actively seeking new roles.
CAND_0054153,233,0.007928558345039496,"Civil Engineer with 5.1 years of experience at Hooli; experienced in backend infrastructure (PostgreSQL, Airflow); moderate semantic fit to the JD; features good recruiter responsiveness; high recruiter demand. Note: candidate has a long 150-day notice period and is not actively seeking new roles.."
CAND_0006851,234,0.007557978121965167,Mechanical Engineer with 11.9 years of experience at Pied Piper; moderate semantic fit to the JD; features good recruiter responsiveness. Note: candidate has a long 150-day notice period. Minor data-quality flag (synthetic).
CAND_0072369,235,0.007116942123242343,Content Writer with 11.1 years of experience at Pied Piper; experienced in backend infrastructure (Spark); strong semantic alignment to the JD (esp. experience trajectory). Note: candidate has not actively seeking new roles. Minor data-quality flag (synthetic).
CAND_0030937,236,0.007090484434852746,Project Manager with 3.8 years of experience at Wipro; experienced in backend infrastructure (SQL); moderate semantic fit to the JD. Minor data-quality flag (synthetic).
CAND_0024244,237,0.006789752945589608,Operations Manager with 13.3 years of experience at Wayne Enterprises; experienced in backend infrastructure (PostgreSQL); moderate semantic fit to the JD. Note: candidate has a long 150-day notice period and is not actively seeking new roles. Minor data-quality flag (synthetic).
CAND_0008008,238,0.006671553972960092,Business Analyst with 4.0 years of experience at Wipro; moderate semantic fit to the JD; features active GitHub presence and good recruiter responsiveness; high recruiter demand. Note: candidate has not actively seeking new roles.
CAND_0053511,239,0.006528334712842106,Mechanical Engineer with 12.1 years of experience at Initech; experienced in backend infrastructure (Airflow); strong semantic alignment to the JD (esp. experience trajectory); features good recruiter responsiveness; high recruiter demand. Minor data-quality flag (synthetic).
CAND_0050918,240,0.006392107158571616,Marketing Manager with 10.6 years of experience at Wipro; experienced in backend infrastructure (SQL); moderate semantic fit to the JD; features good recruiter responsiveness; high recruiter demand. Note: candidate has not actively seeking new roles. Minor data-quality flag (synthetic).
CAND_0003621,241,0.005165741104359425,"Graphic Designer with 14.5 years of experience at Wayne Enterprises, specializing in applied ML (HTML); moderate semantic fit to the JD; high recruiter demand. Note: candidate has a long 120-day notice period and is not actively seeking new roles."
CAND_0010447,242,0.00509465162229688,"Civil Engineer with 7.7 years of experience at Hooli, specializing in applied ML (HTML); experienced in backend infrastructure (PostgreSQL); moderate semantic fit to the JD; features good recruiter responsiveness; high recruiter demand. Minor data-quality flag (synthetic)."
CAND_0081512,243,0.004185902352220744,Accountant with 7.2 years of experience at Acme Corp; moderate semantic fit to the JD; features good recruiter responsiveness; high recruiter demand. Note: candidate has not actively seeking new roles.
CAND_0088940,244,0.0039016066537252885,Customer Support with 12.3 years of experience at Acme Corp; moderate semantic fit to the JD; high recruiter demand. Note: candidate has not actively seeking new roles. Minor data-quality flag (synthetic).
CAND_0078474,245,0.0038983561469416493,HR Manager with 7.8 years of experience at TCS; experienced in backend infrastructure (PostgreSQL); moderate semantic fit to the JD; features good recruiter responsiveness.
CAND_0006733,246,0.0038674479350696176,HR Manager with 11.6 years of experience at Initech; experienced in backend infrastructure (Kafka); moderate semantic fit to the JD; features active GitHub presence; high recruiter demand. Note: candidate has not actively seeking new roles.
CAND_0096618,247,0.00380151346009043,HR Manager with 11.9 years of experience at Pied Piper; experienced in backend infrastructure (Spark); strong semantic alignment to the JD (esp. experience trajectory); high recruiter demand. Note: candidate has a long 150-day notice period and is not actively seeking new roles. Minor data-quality.
CAND_0025553,248,0.0036681294887896394,"Marketing Manager with 5.4 years of experience at Stark Industries, specializing in applied ML (BentoML); experienced in backend infrastructure (Kafka); moderate semantic fit to the JD. Note: candidate has not actively seeking new roles."
CAND_0080875,249,0.0036360443247817785,HR Manager with 5.2 years of experience at Acme Corp; strong semantic alignment to the JD (esp. experience trajectory); features good recruiter responsiveness; high recruiter demand. Note: candidate has not actively seeking new roles. Minor data-quality flag (synthetic).
CAND_0081217,250,0.003612327416564951,Mechanical Engineer with 6.8 years of experience at Infosys; experienced in backend infrastructure (Spark); strong semantic alignment to the JD (esp. experience trajectory); features active GitHub presence; high recruiter demand. Note: candidate has not actively seeking new roles.
CAND_0010180,251,0.003349996281012586,Mechanical Engineer with 7.6 years of experience at TCS; experienced in backend infrastructure (SQL); moderate semantic fit to the JD; high recruiter demand. Note: candidate has a long 150-day notice period and is not actively seeking new roles. Minor data-quality flag (synthetic).
CAND_0048414,252,0.0031856962752059817,"Customer Support with 13.9 years of experience at Hooli, specializing in applied ML (HTML); experienced in backend infrastructure (SQL, Spark); moderate semantic fit to the JD; high recruiter demand. Minor data-quality flag (synthetic)."
CAND_0065237,253,0.0031441952932710565,Business Analyst with 3.3 years of experience at TCS; experienced in backend infrastructure (PostgreSQL); moderate semantic fit to the JD; features good recruiter responsiveness; high recruiter demand.
CAND_0019408,254,0.003053516204305734,"Graphic Designer with 7.4 years of experience at Acme Corp; experienced in backend infrastructure (PostgreSQL, SQL); moderate semantic fit to the JD; features good recruiter responsiveness; high recruiter demand. Note: candidate has a long 120-day notice period and is not actively seeking new roles."
CAND_0038694,255,0.0030211300784010885,Graphic Designer with 3.6 years of experience at Hooli; moderate semantic fit to the JD. Note: candidate has not actively seeking new roles. Minor data-quality flag (synthetic).
CAND_0034558,256,0.0028709898401211055,Operations Manager with 12.3 years of experience at Acme Corp; moderate semantic fit to the JD; features good recruiter responsiveness. Note: candidate has not actively seeking new roles.
CAND_0097838,257,0.0028683578415533424,Project Manager with 10.1 years of experience at Acme Corp; experienced in backend infrastructure (Spark); strong semantic alignment to the JD (esp. experience trajectory). Note: candidate has a long 120-day notice period.
CAND_0033908,258,0.002772156087461939,Mechanical Engineer with 6.6 years of experience at Wayne Enterprises; moderate semantic fit to the JD; features active GitHub presence. Note: candidate has not actively seeking new roles. Minor data-quality flag (synthetic).
CAND_0077061,259,0.0026931237302452527,Graphic Designer with 10.0 years of experience at Globex Inc; experienced in backend infrastructure (PostgreSQL); moderate semantic fit to the JD; high recruiter demand. Note: candidate has a long 150-day notice period and is not actively seeking new roles.
CAND_0065625,260,0.0025777383706297656,"Project Manager with 6.6 years of experience at Globex Inc; experienced in backend infrastructure (SQL, PostgreSQL); moderate semantic fit to the JD; high recruiter demand. Minor data-quality flag (synthetic)."
CAND_0019721,261,0.002546616179667113,"Civil Engineer with 9.4 years of experience at Globex Inc, specializing in applied ML (HTML); moderate semantic fit to the JD; high recruiter demand, reliable follow-through. Note: candidate has not actively seeking new roles."
CAND_0079507,262,0.002438304614224488,Mechanical Engineer with 13.7 years of experience at Stark Industries; strong semantic alignment to the JD (esp. experience trajectory); features good recruiter responsiveness. Note: candidate has a long 120-day notice period and is not actively seeking new roles.
CAND_0070129,263,0.0019981611486005317,Project Manager with 10.6 years of experience at Stark Industries; strong semantic alignment to the JD (esp. experience trajectory); features good recruiter responsiveness; high recruiter demand. Note: candidate has not actively seeking new roles. Minor data-quality flag (synthetic).
CAND_0084438,264,0.0018508078876033741,Content Writer with 11.0 years of experience at Pied Piper; strong semantic alignment to the JD (esp. experience trajectory); high recruiter demand. Note: candidate has not actively seeking new roles.
CAND_0094218,265,0.0014147283187580292,Mechanical Engineer with 5.6 years of experience at Stark Industries; experienced in backend infrastructure (PostgreSQL); moderate semantic fit to the JD; features good recruiter responsiveness; high recruiter demand.
CAND_0050828,266,0.0014107918468071275,Customer Support with 9.3 years of experience at Dunder Mifflin; moderate semantic fit to the JD; features good recruiter responsiveness; high recruiter demand. Note: candidate has a long 150-day notice period and is not actively seeking new roles.
CAND_0069834,267,0.0013902144631781296,Sales Executive with 8.9 years of experience at Pied Piper; experienced in backend infrastructure (PostgreSQL); moderate semantic fit to the JD.
CAND_0054624,268,0.001368363334919329,"Project Manager with 13.3 years of experience at Dunder Mifflin; experienced in backend infrastructure (PostgreSQL, Spark); moderate semantic fit to the JD; features good recruiter responsiveness; high recruiter demand. Note: candidate has not actively seeking new roles."
CAND_0098432,269,0.0012927294061166599,Customer Support with 9.9 years of experience at Infosys; experienced in backend infrastructure (SQL); moderate semantic fit to the JD. Note: candidate has a long 120-day notice period.
CAND_0005189,270,0.001268854399473662,Civil Engineer with 14.7 years of experience at Infosys; experienced in backend infrastructure (SQL); moderate semantic fit to the JD; features good recruiter responsiveness; high recruiter demand. Note: candidate has not actively seeking new roles. Minor data-quality flag (synthetic).
CAND_0068799,271,0.001259741267293021,"Business Analyst with 5.5 years of experience at Globex Inc; experienced in backend infrastructure (Kafka, SQL); moderate semantic fit to the JD; features good recruiter responsiveness. Note: candidate has not actively seeking new roles."
CAND_0060924,272,0.0011380258464109576,"Marketing Manager with 8.0 years of experience at Infosys; experienced in backend infrastructure (PostgreSQL, Kafka); moderate semantic fit to the JD; high recruiter demand. Note: candidate has not actively seeking new roles."
CAND_0048073,273,0.0011379133222096413,Sales Executive with 14.6 years of experience at Initech; experienced in backend infrastructure (PostgreSQL); moderate semantic fit to the JD; features good recruiter responsiveness. Note: candidate has not actively seeking new roles.
CAND_0071990,274,0.0011325655140859178,Accountant with 11.8 years of experience at Wipro; experienced in backend infrastructure (SQL); moderate semantic fit to the JD. Note: candidate has a long 150-day notice period. Minor data-quality flag (synthetic).
CAND_0029885,275,0.0010164208435237813,"Project Manager with 8.7 years of experience at Stark Industries; experienced in backend infrastructure (SQL, Airflow); moderate semantic fit to the JD. Note: candidate has not actively seeking new roles."
CAND_0004994,276,0.0009423834251690824,Graphic Designer with 10.0 years of experience at Wipro; experienced in backend infrastructure (PostgreSQL); moderate semantic fit to the JD. Note: candidate has a long 120-day notice period and is not actively seeking new roles.
CAND_0068962,277,0.0008987446483304183,"HR Manager with 14.1 years of experience at Globex Inc; experienced in backend infrastructure (SQL, Airflow); moderate semantic fit to the JD. Note: candidate has a long 150-day notice period and is not actively seeking new roles. Minor data-quality flag (synthetic)."
CAND_0056206,278,0.000804973541475485,"Graphic Designer with 6.7 years of experience at Stark Industries; experienced in backend infrastructure (PostgreSQL, Kafka); moderate semantic fit to the JD. Note: candidate has not actively seeking new roles."
CAND_0054249,279,0.0007859920141317693,Accountant with 9.3 years of experience at Wipro; moderate semantic fit to the JD; high recruiter demand.
CAND_0067714,280,0.0007097993170378515,Mechanical Engineer with 14.6 years of experience at Wipro; moderate semantic fit to the JD; high recruiter demand. Note: candidate has not actively seeking new roles.
CAND_0035438,281,0.0006620618199841537,"Business Analyst with 3.1 years of experience at Initech; experienced in backend infrastructure (SQL, PostgreSQL); moderate semantic fit to the JD. Note: candidate has not actively seeking new roles."
CAND_0016265,282,0.0006154390684114128,Sales Executive with 14.7 years of experience at Initech; moderate semantic fit to the JD.
CAND_0066186,283,0.0005520261815129794,"Sales Executive with 10.8 years of experience at Dunder Mifflin; experienced in backend infrastructure (Spark, Airflow); moderate semantic fit to the JD. Note: candidate has a long 150-day notice period and is not actively seeking new roles."
CAND_0012486,284,0.00037807520899620236,HR Manager with 14.2 years of experience at TCS; moderate semantic fit to the JD. Note: candidate has not actively seeking new roles.
CAND_0025392,285,0.0003641373170996755,Accountant with 9.0 years of experience at Stark Industries; experienced in backend infrastructure (PostgreSQL); moderate semantic fit to the JD; features good recruiter responsiveness; high recruiter demand. Note: candidate has not actively seeking new roles.
CAND_0041393,286,0.0003561714647510816,"Civil Engineer with 9.9 years of experience at TCS; experienced in backend infrastructure (Kafka, PostgreSQL); moderate semantic fit to the JD; high recruiter demand. Note: candidate has not actively seeking new roles. Minor data-quality flag (synthetic)."
CAND_0050760,287,0.0002998223008257631,Content Writer with 11.2 years of experience at Wipro; moderate semantic fit to the JD; features active GitHub presence; high recruiter demand. Minor data-quality flag (synthetic).
CAND_0099319,288,0.00027798374734867945,Business Analyst with 13.2 years of experience at Wipro; moderate semantic fit to the JD. Note: candidate has not actively seeking new roles.
CAND_0049088,289,0.0002196804777643957,Accountant with 10.3 years of experience at Wayne Enterprises; experienced in backend infrastructure (PostgreSQL); moderate semantic fit to the JD; features good recruiter responsiveness; high recruiter demand. Note: candidate has not actively seeking new roles.
CAND_0047527,290,0.0002119915668378513,Sales Executive with 13.2 years of experience at Wayne Enterprises; moderate semantic fit to the JD. Note: candidate has not actively seeking new roles.
CAND_0046022,291,0.00018827165358496396,HR Manager with 11.7 years of experience at Globex Inc; experienced in backend infrastructure (Spark); strong semantic alignment to the JD (esp. experience trajectory). Note: candidate has not actively seeking new roles.
CAND_0060105,292,0.00014680557093719782,Business Analyst with 10.7 years of experience at Hooli; moderate semantic fit to the JD; high recruiter demand. Note: candidate has not actively seeking new roles. Minor data-quality flag (synthetic).
CAND_0071882,293,0.0,Customer Support with 14.9 years of experience at Acme Corp; experienced in backend infrastructure (Spark); moderate semantic fit to the JD. Note: candidate has not actively seeking new roles.
